id	description	name	biomarker_catogory
1	t(1;14)(p22;q32) is a translocation event involving chromosome 1 and 14. In particular, the segment from 1p22 to 1pter replaces the segment from 14q32 to 14qter and vice-versa. This translocation is readily detectable by conventional karyotyping and is frequently found in malt lymphoma in adults.	Malt Lymphoma	Diagnostic
2	t(1;14)(q21;q32) is a translocation involving chromosome 1 and 14. In particular, the region between 1q21 to 1qter is replaced with the region from 14q32 to 14qter and vice versa. It is found in acute lymphoblastic leukemia, somatic non-Hodgkin lymphoma, and B-cell non-Hodgkin lymphoma.	B-Cell Non-Hodgkin Lymphoma	Diagnostic
3	t(1;22)(q21;q11) is a translocation event involving chromosome 1 and 22. In particular, the segment from 1q21 to 1qter replaces the segment from 22q11 to 22qter and vice-versa. This is frequently found in acute lymphoblastic lymphoma and somatic non-hodgkin lymphoma.	Acute Lymphoblastic Leukemia	Diagnostic
5	t(3;14)(p14;q32) is a translocation event involving chromosome 3 and 14. In particular, the segment from 3p14 to 3pter replaces the segment from 14q32 to 14qter and vice-versa. It is frequently found in malt lymphoma.	Malt Lymphoma	Diagnostic
6	t(3;14)(q27;q32) is a translocation event involving chromosome 3 and 14. In particular, the segment from 3q27 to 3qter replaces the segment from 14q32 to 14qter and vice-versa. This is frequently found in somatic non-hodgkin lymphoma and diffuse large B-cell lymphoma.	Non Hodgkin lymphoma	Diagnostic
7	t(6;14)(p21;q32) is a translocation event involving chromosome 6 and 14. In particular, the segment from 6p21 to 6pter replaces the segment from 14p32 to 14qter and vice-versa. This is frequently found in multiple myeloma.	Multiple Myeloma	Diagnostic
8	t(7;14)(q21;q32) is a translocation event involving chromosome 7 and 14. In particular, the segment from 7q21 to 7qter replaces the segment from 14q32 to 14qter and vice-versa. This is frequently found in chronic lymphocytic leukemia and marginal zone lymphoma.	Chronic Lymphocytic Leukemia	Diagnostic
9	t(8;14)(q24;q32) is a translocation event involving chromosome 8 and 14. In particular, the region between 8q24 and 8qter is replaced with 14q32 and 14qter and vice versa. It is found in acute lymphoblastic leukemia, somatic non-Hodgkin lymphoma, somatic breast adenocarcinoma, Burkitt lymphoma, B-cell acute lymphoblstic leukemia, and blastic plasmacytoid dendritic cell neoplasm.	Burkitt Lymphoma	Diagnostic
10	t(9;14)(p13;q32) is a translocation event involving chromosome 9 and 14. In particular, the segment from 9p13 to 9pter replaces the segment from 14q32 to 14qter and vice-versa. It is frequently found in lymphoproliferative Disorders.	Lymphoproliferative Disorders	Diagnostic
11	t(10;14)(q24;q32) is a translocation event involving chromosome 10 and 14. In particular, the segment from 10q24 to 10qter replaces the segment from 14q32 to 14qter and vice-versa. It is frequently found in multiple myeloma, and chronic lymphoblastic leukemia.	Multiple Myeloma	Diagnostic
12	t(11;14)(q13;q32) is a translocation event involving chromosome 11 and 14. In particular, the segment from 11q13 to 11qter replaces the segment from 14q32 to 14qter and vice-versa. This is frequently found in multiple myeloma, chronic lymphoblastic leukemia, B-cell prolymphocytic Leukemia and mantle cell lymphoma.	Multiple Myeloma	Diagnostic
13	t(11;14)(q23;q32) is a translocation event involving chromosome 11 and 14. In particualr, the segment from 11q23 to 11qter replaces the segment from 14q32 to 14qter and vice-versa. It is frequently found in acute lymphoblastic leukemia.	Acute Lymphoblastic Leukemia	Diagnostic
14	t(12;14)(p13;q32) is a translocation event involving chromosome 12 and 14. In particular, the segment from 12p13 to 12pter replaces the segment from 14q32 to 14qter and vice-versa. It is frequently found in mantle cell lymphoma.	Mantle Cell Lymphoma	Diagnostic
17	t(14;18)(q32;q21) is a translocation event involving chromosome 14 and 18. In particular, the segment from 14q32 to 11qter replaces the segment from 18q21 to 18qter and vice-versa. It is frequently found in mantle cell lymphoma, acute lymphoblastic leukemia and malt lymphoma.	Mantle Cell Lymphoma	Diagnostic
19	t(14;19)(q32;q13) is a translocation event involving chromosome 14 and 19. In particular, the segment from 14q32 to 14qter replaces the segment from 19q13 to 19qter and vice-versa. It is frequently found in acute lymphoblastic leukemia, somatic breast adenocarcinoma, and somatic malignant melanoma.	Acute Lymphoblastic Leukemia	Diagnostic
20	t(14;22)(q32;q11) is a translocation event involving chromosome 14 and 22. In particular, the segment from 14q32 to 14qter replaces the segment from 22q11 to 22qter and vice-versa. It is frequently found in somatic breast adenocarcinoma, and diffuse large B-cell lymphoma.	Breast Cancer	Diagnostic
21	t(9;22)(p24;q11) is translocation event involving chromosome 9 and 22. In particular, the segment from 9p24 to 9pter replaces the segment from 22q11 to 22qter and vice-versa. It is commonly found in chronic myeloid leukemia.	Chronic Myeloid Leukemia	Diagnostic
22	t(8;9)(p22;p24) is a translocation event involving chromosome 8and 9. In particular, the segment from 8p22 to 8pter replaces the segment from 9p24 to 9pter and vice-versa. It is frequently found in atypical chronic myeloid leukemia, and chronic eosinophilic leukemia.	Atypical Chronic Myeloid Leukemia	Diagnostic
23	t(9;12)(p24;p13) is a translocation event involving chromosome 9 and 12. In particualr, the segment from 9p24 to 9pter replaces the segment from 12p13 to 12pter and vice-versa. It is frequently found in acute lymphoblastic leukemia, and myeloproliferative disorder.	Acute Lymphoblastic Leukemia	Diagnostic
24	t(4;22)(q12;q11) is a translocation event involving chromosome 4 and 22. In particular, the segment from 4q12 to 4qter replaces the segment from 22q11 to 22qter and vice-versa. It is found in myeloproliferative disorder.	Myeloproliferative Disorder	Diagnostic
25	t(4;10)(q12;p11) is a translocation event in chromosome 4 and 10. In particular, the segment from 4q12 to 4qter replaces the segment from 10p11 to 10pter and vice-versa. It is frequently found in myeloproliferative disorder.	Myeloproliferative Disorder	Diagnostic
26	ins(9;4)(q33;q12q25) is an insertion event involving chromosome 9 and 4. In particular, the segment from 4q12 to 4q25 is inserted into chromosome 9 at 9q33. It is frequently found in chronic eosinophilic leukemia.	Chronic Eosinophilic Leukemia	Diagnostic
27	t(4;12)(q12;p13) is a translocation event involving chromosome 4 and 12. In particular, the segment from 4q12 to 4qter replaces the segment from 12p13 to 12pter and vice-versa. It is frequently found in acute myeloid leukemia.	Acute Myeloid Leukemia	Diagnostic
29	t(5;12)(q33;p13) is a translocation event involving chromosome 5 and 12. In particular, the segment from 5q33 to 5qter replaces the segment from 12p13 to 12pter and vice-versa. It is frequently found in acute myeloid leukemia and acute lymphoblastic leukemia.	Acute Myeloid Leukemia	Diagnostic
30	t(5;17)(q33;p13) is a translocation event involving chromosome 5 and 17. In particular, the segment from 5q33 to 5qter replaces the segment from 17p13 to 17pter and vice-versa. It is frequently found in juvenile myelomonocytic leukemia	Juvenile Myelomonocytic Leukemia	Diagnostic
31	t(5;17)(q33;p11.2) is a translocation event involving chromosome 5 and 17. In particular, The segment from 5q33 to 5qter replaces the segment from 17p11.2 to 17pter and vice-versa. It is frequently found in juvenile myelomonocytic leukemia.	Juvenile Myelomonocytic Leukemia	Diagnostic
32	t(5;14)(q33;q32) is a translocation event involving chromosome 5 and 14. In particular, the segement from 5q33 to 5qter is replaced with the segment form 14q32 to 14qter and vice versa. It is commonly found in acute myeloid leukemia.	Acute Myeloid Leukemia	Diagnostic
33	t(5;14)(q33;q24) is a translocation event involving chromosome 5 and 14. In particular, the segment from 5q33 to 5qter replaces the segment from 14q24 to 14qter and vice-versa. It is freuqently found in myeloproliferative disorder.	Myeloproliferative Disorder	Diagnostic
34	t(5;15)(q33;q22) is a translocation event involving chromosome 5 and 15. In particular, the segment from 5q33 to 5qter replaces the segment from 15q22 to 15q22 and vice-versa. It is frequently found in chronic myeloid leukemia.	Chronic Myeloid Leukemia	Diagnostic
36	t(5;7)(q33;q11.2) is a translocation event involving chromosome 5 and 7. In particular, the segment from 5q33 to 5qter replaces the segment from 7q11.2 to 7qter and vice-versa. It is frequently found in chronic myeloid leukemia.	Chronic Myeloid Leukemia	Diagnostic
37	t(5;10)(q33;q21) is a translocation event involving chromosome 5 and 10. In particular, the segment from 5q33 to 5qter replaces the segment from 10q21 to 10qter and vice-versa. It is frequently found in chronic myeloid leukemia.	Chronic Myeloid Leukemia	Diagnostic
40	t(5;12)(q33;q24) is a translocation event involving chromosome 5 and 12. In particular, the segment from 5q33 to 5qter replaces the segment from 12q24 to 12qter and vice-versa. It is commonly found in myeloproliferative disorder.	Myeloproliferative Disorder	Diagnostic
42	t(4;5)(q21;q33) is a translocation event involving chromosome 4 and 5. In particular, the segment from 4q21 to 4qter replaces the segment from 5q33 to 5qter and vice-versa. It is commonly found in myeloproliferativce disorder.	Myeloproliferative Disorder	Diagnostic
43	t(8;13)(p11;q12) is a translocation event involving chromosome 8 and 13. In particular, the segment from 8p11 to 8pter replaces the segment from 13q12 to 13qter and vice-versa. It is frequently found in myeloproliferative disorder.	Myeloproliferative Disorder	Diagnostic
44	t(6;8)(q27;p11) is a translocation event involving chromosome 6 and 8. In particular, the segment from 6q27 to 6qter replaces the segment from 8p11 to 8pter and vice-versa. It is commonly found in myeloproliferative disorder.	Myeloproliferative Disorder	Diagnostic
45	t(8;9)(p11;q33) is a translocation event involving chromosome 8 and 9. In particular, the segment from 8p11 to 8pter replaces the segment from 9q33 to 9qter and vice-versa. It is frequently found in chromosome 8p11 myeloproliferative syndrome.	Chromosome 8p11 Myeloproliferative Syndrome	Diagnostic
48	t(8;19)(p11;q13.3) is a translocation event involving chromosome 8 and 19. In particular, the segment from 8p11 to 8pter replaces the segment from 19q13.3 to 19qter and vice-versa. It is frequently found in acute myeloid lymphoma.	Acute Myeloid Leukemia	Diagnostic
49	t(8;22)(p11;q11) is a translocation event involving chromosome 8 and 22. In particular, the segment from 8p11 to 8pter replaces the segment from 22q11 to 22qter and vice-versa. It is frequently found in chronic myeloid leukemia.	Chronic Myeloid Leukemia	Diagnostic
50	t(1;7)(p34;q34) is a translocation event involving chromosome 1 and 7. In particular, the segment from 1p34 to 1pter replaces the segment from 7q34 to 7qter and vice-versa. it is frequently found in somatic T-cell acute lymphoblastic leukemia.	Somatic T Cell Acute Lymphoblastic Leukemia	Diagnostic
51	t(1;7)(p32;q34) is a translocation event involving chromosome 1 and 7. In particular, the segment from 1p32 to 1pter replaces the segment from 7q34 to 7qter and vice-versa. It is frequently found in somatic T-cell acute lymphoblastic leukemia	Somatic T Cell Acute Lymphoblastic Leukemia	Diagnostic
52	t(1;11)(p32;q23) is a translocation event involving chromosome 1 and 11. In particular, the segment from 1p32 to 1pter replaces the segment from 11q23 to 11qter and vice-versa. It is frequently found in acute lymphoblastic leukemia, acute myeloid leukemia, and myelodysplastic syndroms.	Acute Lymphoblastic Leukemia	Diagnostic
53	t(1;14)(p32;q11) is a translocation event involving chromosome 1 and 14. In particular, the segment from 1p32 to 1pter replaces the segment from 14q11 to 14qter and vice-versa. It is frequently found in somatic T-cell acute lymphoblastic leukemia.	Somatic T Cell Acute Lymphoblastic Leukemia	Diagnostic
55	t(1;19)(q23;p13.3) is a translocation event involving chromosome 1 and 19. In particular, the segment from 1p23 to 1qter replaces the segment from 19p13.3 to 19pter and vice-versa. It is frequently found in B-cell acute lymphoblastic leukemia.	Acute Lymphoblastic Leukemia	Diagnostic
57	t(4;11)(q21;q23) is a translocation event involving chromosome 4 and 11. In particular, the segment from 4q21 to 4qter replaces the segment from 11q23 to 11qter and vice-versa. It is commonly found in acute lymphoblastic leukemia.	Acute Lymphoblastic Leukemia	Diagnostic
58	t(5;14)(q35;q32) is a translocation event involving chromosome 5 and 14. In particular, the segment from 5q35 to 5qter replaces the segment from 14q32 to 14qter and vice-versa. It is frequently found in somatic T-cell acute lymphoblastic leukemia.	Somatic T Cell Acute Lymphoblastic Leukemia	Diagnostic
59	del(6)(q) is a deletion event involving chromosome 6. In particular, it is the deletion of the q arm. It is frequently found in B-cell acute lymphoblastic leukemia, somatic T-cell acute lymphoblastic leukemia, chronic lymphoblastic leukemia, waldenstrom macroglobulinemia, acute myeloid leukemia, and myelodysplastic syndromes.	Acute Lymphoblastic Leukemia	Diagnostic
60	t(6;7)(q23;q34) is the translocation event involving chromosome 6 and 7. In particular, the segment from 6q23 to 6qter replaces the segment from 7q34 to 7qter and vice-versa. It is frequently found in somatic T-cell actue lymphoblastic leukemia.	Somatic T Cell Acute Lymphoblastic Leukemia	Diagnostic
61	t(6;11)(q27;q23) is a translocation event involving chromosome 6 and 11. In particular, the segment from 6q27 to 6qter replaces the segment from 11q23 to 11qter and vice-versa. It is frequently found in acute lymphoblastic leukemia.	Acute Lymphoblastic Leukemia	Diagnostic
62	t(6;14)(p22;q32) is a translocation event involving chromosome 6 and 14. In particular, the segment between 6p22 and 6pter is replaced with the segment from 14q32 to 14qter and vice versa. It is found in B-cell acute lymphoblastic leukemia.	Acute Lymphoblastic Leukemia	Diagnostic
63	inv(7)(p15q34) is a pericentric inversion event. In particular, the segment from 7p15 to 7q32 is inverted and inserted back into the chromosome. It is frequently found in somatic T-cell acute lymphoblastic leukemia, and somatic non-hodgkin lymphoma.	Somatic T Cell Acute Lymphoblastic Leukemia	Diagnostic
65	t(7;14)(p15;q11) is a translocation event involving chromosome 7 and 14. In particular, the segment from 7p15 to 7pter replaces the segment from 14q11 to 14qter and vice-versa. It is frequently found in somatic T-cell acute lymphoblastic leukemia.	Somatic T Cell Acute Lymphoblastic Leukemia	Diagnostic
66	t(7;14)(p15;q32) is a translocation event involving chromosome 7 and 14. In particular, the region between 7p15 to 7pter is replaced with the region between 14q32 to 14qter and vice versa. It is found in somatic T-cell acute lymphoblastic leukemia.	Somatic T Cell Acute Lymphoblastic Leukemia	Diagnostic
68	i(7)(q10) is the isochromosome of the long arm on chromosome 7. It typically involves the deletion of one p arm and the duplication of the q arm. This results in 1 copy of the p arm and three copies of the q arm on chromosome 7. It is frequently found in acute myeloid leukemias, chronic myeloid leukemia, myelodysplastic syndromes and myeloproliferative neoplasms.	Acute Lymphoblastic Leukemia	Diagnostic
69	t(7;9)(q34;q32) is a translocation event involving chromosome 7 and 9. In particular the region between 7q34 and 7qter is replaced with the region between 9q32 and 9qter. It is found in somatic T-cell acute lympohoblastic leukemia.	Somatic T Cell Acute Lymphoblastic Leukemia	Diagnostic
70	t(7;9)(q34;q34.3) is a translocation event involving chromosome 7 and 9. In particular, the segment between 7q34 to 7qter is replaced with the region between 9q34.3 and 9qter and vice versa. It is found in somatic T-cell acute lymphoblastic leukemia.	Somatic T Cell Acute Lymphoblastic Leukemia	Diagnostic
71	t(7;10)(q34;q24) is a translocation event involving chromosome 7 and 10. In particular, the region between 7q34 and 7qter is replaced with the region between 10q24 and 10qter. It is found in somatic T-cell lymphoblastic leukemia.	Somatic T Cell Acute Lymphoblastic Leukemia	Diagnostic
73	t(7;11)(q34;p15) is a translocation event involving chromosome 7 and 11. In particular, the segment between 7q34 to 7qter is replaced with the segment between 11p15 and 11pter and vice versa. It is found in somatic T-cell acute lymphoblastic leukemia.	Somatic T Cell Acute Lymphoblastic Leukemia	Diagnostic
74	t(7;12)(q36;p13) is a translocation event involving chromosome 7 and 12. In particular, the region between 7q36 to 7qter is replaced with the region between 12p13 to 12pter and vice versa. It is found in acute myeloid leukemia.	Acute Myeloid Leukemia	Diagnostic
75	t(7;19)(q34;p13) is a translocation event involving chromosome 7 and 19. In particular, the segment between 7q34 and 7qter is replaced with the segment between 19p13 to 19pter. It is found in somatic T-cell acute lymphoblastic leukemia.	Somatic T Cell Acute Lymphoblastic Leukemia	Diagnostic
76	t(8;14)(q11;q32) is a translocation event involving chromosome 8 and 14. In particular, the segment from 1p22 to 1pter replaces the segment from 14q32 to 14qter and vice-versa. It is frequently found in acute lymphoblastic leukemia.	Acute Lymphoblastic Leukemia	Diagnostic
77	t(8;14)(q24;q11) is a translocation event involving chromosome 8 and 14. In particular, the region between 8q24 and 8qter is replaced with the region between 14q11 to 14qter. It is found in acute lymphoblastic leukemia.	Acute Lymphoblastic Leukemia	Diagnostic
78	t(8;22)(q24;q11) is a translocation event involving chromosome 8 and 22. In particular, the region between 8q24 to 8qter is replaced with the region between 22q11 and 22qter and vice versa. It is found in B-cell acute lymphoblastic leukemia, Burkitt lymphoma, diffuse large B-cell lymphoma.	Acute Lymphoblastic Leukemia	Diagnostic
79	del(9)(p) is a deletion event of chromosome 9. In particular it is the deletion of the p arm of chromosome 9. It is frequently found in acute lymphoblastiv leukemia.	Acute Lymphoblastic Leukemia	Diagnostic
81	del(7)(q) is a deletion event in chromosome 7. In particular, the q arm of chromosome 7 is deleted. It is found in myelodysplastic syndromes and acute myeloid leukemia.	Myelodysplastic Syndromes	Diagnostic
82	del(5)(q) is a deletion event of chromosome 5. In particular, it is the deletion of the q arm of chromosome 5. It is frequently found in acute lymphoblastic leukemia and myelodysplastic syndromes.	Acute Lymphoblastic Leukemia	Diagnostic
83	del(20)(q) is the deletion event of chromosome 20. In particular, it is the deletion of the q arm of chromosome 20. It is frequently found in myelodysplatic syndromes, acute myeloid leukemia and myeloproliferative diseases.	Myelodysplastic Syndromes	Diagnostic
85	del(13)(q) is a deletion event of chromosome 13. In particular, it is the deletion of the q arm of chromosome 13. It is frequently found in myeloproliferative diseases, and B-cell chronic lymphotic leukemia.	Myeloproliferative Disorder	Diagnostic
86	del(11)(q) is a deletion event of chromosome 11. In particular, it is the deletion of the q arm of chromosome 11. It is frequently found in somatic non-Hodgkin lymphoma.	Non Hodgkin lymphoma	Diagnostic
87	del(9)(q) is a deletion event of chromosome 9. In particular, it is the deletion of the q arm of chromosome 9. It is frequently found in acute myeloid leukemia.	Acute Myeloid Leukemia	Diagnostic
88		Acute Myeloid Leukemia	Diagnostic
89	t(1;3)(p36.3;q21) is a translocation event involving chromosome 1 and 3. In particular the region between 1p36.3 to 1pter is replaced with the region between 3q21 to 3qter and vice versa. It is found in chronic myeloid leukemia, myelodysplastic syndromes and acute myeloid leukemia.	Chronic Myeloid Leukemia	Diagnostic
93	der(1;7)(q10;p10) is the unbalance translocation event involving chromosome 1 and 7. In particular, this translocation event results in a derivative chromosome including the long arm of chromosome 1 and the short arm of chromosome 7, and a chromosome 7 resulting in trisomy for 1q and monosomy for 7q. It is frequently found in myelodysplastic syndromes, and acute myeloid leukemia.	Myelodysplastic Syndromes	Diagnostic
94	t(3;21)(q26.2;q22.1) is a translocation event involving chromosome 3 and 21. In particular the region between 3q26.2 to 3qter is replaced with the region between 21q22.1 to 21qter and vice versa. It is found in chronic myeloid leukemia, myelodysplastic syndromes, and acute myeloid leukemia.	Chronic Myeloid Leukemia	Diagnostic
96	t(1;3)(p36;q21) is a translocation event involving chromosome 1 and 3. In particular, the segment of 1p36 to 1pter is replaced with 3q21 to 3qter and vice versa. It is frequently found in myelodysplastic syndromes, and acute myeloid leukemia.	Myelodysplastic Syndromes	Diagnostic
98	t(1;11)(q21;q23) is a translocation event involving chromosome 1 and 11. In particular, the segment from 1p22 to 1pter replaces the segment from 14q32 to 14qter and vice-versa. It is freuqently found in acute myeloid leukemia.	Acute Myeloid Leukemia	Diagnostic
100	inv(3)(q21q26) is an paracentric inversion event of chromosome 3. In particular, the segement between 3q21 and 3q26 is inversed. It is frequently found in acute myeloid leukemia.	Acute Myeloid Leukemia	Diagnostic
102	t(3;12)(q26;p13) is a translocation event invovling chromosome 3 and 12. In particular, the segment from 1p22 to 1pter replaces the segment from 14q32 to 14qter and vice versa. It is frequently found in myelodysplastic syndromes, actue myeloid leukemia, and chronic myeloid leukemia.	Myelodysplastic Syndromes	Diagnostic
103	t(3;21)(q26;q22) is a translocation event involving chromosome 3 and 21. In particular, the segment from 1p22 to 1pter replaces the segment from 14q32 to 14qter and vice versa. It is frequently found in myelodysplastic syndromes, actue myeloid leukemia, and chronic myeloid leukemia.	Myelodysplastic Syndromes	Diagnostic
107	t(5;17)(q35;q21) is a translocation event involving chromosome 5 and 17. In particular, the segment from 5q35 to 5qter is replaced with 17q21 to 17qter. It is found in acute myeloid leukemia.	Acute Myeloid Leukemia	Diagnostic
108	t(6;9)(p22;q34) is a translocation event involving chromosome 6 and 9. In particular, the segment from 1p22 to 1pter replaces the segment from 14q32 to 14qter and vice-versa. It is found in acute myeloid leukemia, and myelodysplastic syndromes.	Acute Myeloid Leukemia	Diagnostic
109	t(7;11)(p15;p15) is a translocation event involving chromosome 7 and 11. In particular, the segment from 1p22 to 1pter replaces the segment from 14q32 to 14qter and vice versa. It is found in acute myeloid leukemia.	Acute Myeloid Leukemia	Diagnostic
111	t(8;16)(p11;p13) is a translocation event involving chromosome 8 and 16. In particular, the segment from 1p22 to 1pter replaces the segment from 14q32 to 14qter and vice versa. It is found in acute myeloid leukemia.	Acute Myeloid Leukemia	Diagnostic
112	t(8;21)(q22;q22) is a translocation event involving chromosome 8 and 21. In particular, the segment from 1p22 to 1pter replaces the segment from 14q32 to 14qter and vice versa. It is found in acute myeloid leukemia.	Acute Myeloid Leukemia	Diagnostic
113	t(9;11)(p21;q23) is a translocation event involving chromosome 9 and 11. In particular, the segment from 1p22 to 1pter replaces the segment from 14q32 to 14qter and vice versa. It is found in acute myeloid leukemia.	Acute Myeloid Leukemia	Diagnostic
114	t(9;22)(q34;q11) is a translocation event involving chromosome 9 and 22. In particular, the segment from 1p22 to 1pter replaces the segment from 14q32 to 14qter and vice-versa. It is found in acute lymphoblsatic leukemia, acute myeloid leukemia, and chronic myeloid leukemia.	Acute Lymphoblastic Leukemia	Diagnostic
117	inv(11)(p15q22) is an pericentric inversion event involving chromosome 11. In particular, the segment between 11p15 and 11q22 is inversed. It is found in acute myeloid leukemia, chronic myeloid leukemia, and myelodysplastic syndromes.	Acute Myeloid Leukemia	Diagnostic
120	t(11;17)(q23;q21) is a translocation event involving chromosome 11 and 17. In particular, the region between 11q23 and 11qter is replaced with the region between 17q21 and 17qter and vice versa. It is found in acute myeloid leukemia.	Acute Myeloid Leukemia	Diagnostic
121	t(11;17)(q23;q25) is a translocation event involving chromosome 11 and 17. In particular, the segment between 11q23 and 11qter is replaced with the region between 17q25 and 17qter and vice versa. It is found in acute myeloid leukemia, acute lymphoblastic leukemia, myelodysplastic syndromes.	Acute Myeloid Leukemia	Diagnostic
122	t(11;19)(q23;p13.1) is a translocation event involving chromosome 11 and 19. In particular, the segment between 11q23 to 11qter is replaced with the region between 19p13.1 to 19pter. It is found in acute myeloid leukemia.	Acute Myeloid Leukemia	Diagnostic
123	t(11;19)(q23;p13.3) is a translocation event involving chromosome 11 and 19. In particular the region between 11q23 and 11qter is replaced with the region between 19p13.3 and 19pter. It is found in acute myeloid leukemia and acute lymphoblastic leukemia.	Acute Myeloid Leukemia	Diagnostic
125	t(15;17)(q22;q21) is a translocation between chromosome 15 and 17. In particular, the region between 15q22 and 15qter is replaced with the region between 17q21 and 17qter. It is found in myelodysplastic syndromes and acute myelodid leukemia.	Myelodysplastic Syndromes	Diagnostic
126	inv(16)(p13q22) is a pericentric inversion event involving chromsome 16. In particular, the segment from 16q13 and 16q22 is inversed. It is found in acute myeloid leukemia and myelodysplastic syndromes.	Acute Myeloid Leukemia	Diagnostic
127	t(16;21)(p11;q22) is a translocation event involving chromosome 16 and 21. In particular, the segment from 16p11 to 16pter is replaced with the segment from 21q22 to 21qter and vice versa. It is found in acute myeloid leukemia and ewing sarcoma.	Acute Myeloid Leukemia	Diagnostic
128	i(17)(q10) is the isochromosoem of the long arrm of chromosome 17. This result in the 1 copy of the p arm and 3 copoies of the q arm on chromosome 17. It is found in myelodysplastic syndromes and myeloproliferative diseases.	Myelodysplastic Syndromes	Diagnostic
131	t(2;14)(p13-16;q32) is a translocation event involving chromosome 2 and 14. In particular, he segment from 2p13 to 2p16 replaces the segment from 14q32 to 14qter and vice-versa. It is found in chronic lymphocytic leukemia.	Chronic Lymphocytic Leukemia	Diagnostic
132	t(1;5)(q21-23;q31-33) is a translocation event involving chromosome 1 and 5. In particular, the segment from 1q21 to 1q23 replaces the segment from 5q31 to 5q33 and vice-versa. It is found in myelodysplastic syndromes, and myeloproliferative diseases.	Myelodysplastic Syndromes	Diagnostic
133	t(5;16)(q32;p13) is the translocation event involving chromosome 5 and 16. In particular, the segment from 5q32 to 5qter replaces the segment from 16p13 to 16pter and vice-versa. It is found in myelodysplastic syndromes and myeloproliferative diseases.	Myelodysplastic Syndromes	Diagnostic
134	dup(1)(q11-q44) is the duplication event involving chromosome. In particular, the segement from 1q11 to 1q44 is duplicated. It is found in myeloproliferative diseases and acute myeloid leukemia.	Acute Myeloid Leukemia	Diagnostic
135	dic(7;9)(p11-13;p11) is the fusion event involving chromsome 7 and 9 that results in the formation of a dicentric chromosome. In particular, the segment from 7q11 to 7q13 is fused with 9p11 to 9pterr. It is found in acute lymphoblastic leukemia.	Acute Lymphoblastic Leukemia	Diagnostic
136	dic(7;9)(p11-12;p12-13) is a fusion event involving chromosome 7 and 9 that results in the formation of a dicentric chromosome. In particular, the segment from 7p11 to 7p12 is fused with the segment from 9p12 to 9p13. It is found in acute lymphoblastic leukemia.	Acute Lymphoblastic Leukemia	Diagnostic
137	dic(9;12)(p13;p13) is the fusions event involving chromosome 9 and 12 that results in the formation of a dicentric chromosome. In particular, the segment from 9p13 to 9pter is fused with 12p13 to 12pter. It is found in B-cell acute lymphoblastic leukemia.	Acute Lymphoblastic Leukemia	Diagnostic
138	dic(5;17)(q11-14;p11-13) is the fusion event involving chromosome 5 and 17 resulting in the formation of a dicentric chromosome. In particular, the segment from 5q11 to 5q14 is fused with the segment from 17p11 to 17p13. It is found in myelodysplastic syndromes, and acute myeloid leukemia.	Myelodysplastic Syndromes	Diagnostic
139	Trisomy 4 9+4), is the duplication of chromosome resulting in 3 copies of chromosome 4. It is found in acute myeloid leukemia, and acute lymphoblastic leukemia.	Acute Myeloid Leukemia	Diagnostic
140	Trisomy 11 (+11), is the duplication of chromosome resulting in 3 copies of chromosome 11. It is found in acute meloid leukemia, and myelodysplastic syndromes.	Acute Myeloid Leukemia	Diagnostic
141	Trisomy 13 (+13), is the duplication of chromosome 13 resulting in 3 copies of chromosome 13. It is found in acute myeloid leukemia, B-cell acute lymphoblastic leukemia, chronic myeloid leukemia, and myelodysplastic syndromes.	Acute Myeloid Leukemia	Diagnostic
142	Trisomy 21 (+21), is the duplication of chromosome 21 resulting in three copies of chromosome 21. It is found in Down syndrome, acute myeloid leukemia, myelodysplastic syndromes, acute lymphoblastic leukemia, and B-cell acute lymphoblastic leukemia.	Acute Myeloid Leukemia	Diagnostic
143	Trisomy 22 (+22), is the duplication of chromosome 22 resulting in three copies of chromosome 22. It is found in acute myeloid leukemia.	Acute Myeloid Leukemia	Diagnostic
144	t(1;11)(q24;p15) is a translocation event involving chromosome 1 and 11. In particular, the segment from 1p22 to 1pter replaces the segment from 14q32 to 14qter and vice-versa. it is found in acute myeloid leukemia and chronic myeloid leukemia.	Acute Myeloid Leukemia	Diagnostic
145	der(11)t(1;11)(q11-23;q14-25) is the unbalanced translocation event involving chromosome 1 and 11. In particular, the segment from 11q14 to 11q25 is replaced with the segment from 1q11 to 1q23. It is found in acute myeloid leukemia, myelodysplastic syndromes, acute lymphoblastic leukmeia, and multiple myeloma.	Acute Myeloid Leukemia	Diagnostic
146	del(5q) is a deletion event involving chromosome 5. In particular the q arm of chromosome 5 is deleted. It is found in chromosome 5q deletion syndrome and acute myeloid leukemia.	Chromosome 5q Deletion Syndrome	Diagnostic
147	+8, also known as trisomy 8, refers to the presence of three copies chromosome 8. It is found in chronic myeloid leukemia, myelodysplastic syndromes, juvenile, myelomonocytic leukemia, acute myeloid leukemia, Wilms tumor, Ewing sacroma, and somatic non-Hodgkin lymphoma.	Chronic Myeloid Leukemia	Diagnostic
148	t(3;5)(q25.1;q34) is a translocation event involving chromosome 3 and 5. In particular, the segment from 1p22 to 1pter replaces the segment from 14q32 to 14qter and vice-versa. It is found in acute myeloid leukemia.	Acute Myeloid Leukemia	Diagnostic
149	inv(3)(q21;q26) is a paracentric inversion event involving chromosome 3. In particular, the segment from 3q21 to 3q26 is inversed. It is found in acute myeloid leukemia and chronic myeloid leukemia.	Acute Myeloid Leukemia	Diagnostic
150	dic(1;15)(p11;p11) is a fusion involving chromosome 1 and 15 resulting in a dicentric chromosome. In particular, it is the fusion between segment 1p11 and 15p11. It is found in myelodysplastic syndromes and and myeloproliferative diseases.	Myelodysplastic Syndromes	Diagnostic
151	t(Y;1)(q12;q12) is a translocation involving the Y chromosome and chromosome 1. In particular, the segment from Yq12 to Yqter is replaced with 1q12 to 1qter and vice versa. It is found in myelodysplastic syndromes.	Myelodysplastic Syndromes	Diagnostic
152	t(1;16)(q11;q11) is a translocation event involving chromosome 1 and 16. In particular, the segment from 1q11 to 1qter is replaced with the segment from 16q11 to 16qter and vice versa. It is found in myelodysplastic syndromes.	Myelodysplastic Syndromes	Diagnostic
153	del(12)(p) is the deletion event involving chromosome 12. In particular, the p arm of chromosome 12 is deleted. It is found in acute lymphoblastiv leukemia and acute myeloid leukemia.	Acute Lymphoblastic Leukemia	Diagnostic
154	t(11;16)(q23;p13.3) is a translocation event involving chromosome 11 and chromosome 16. In particular, the segment from 11q23 to 11qter is replaced with the segment from 16p13.3 to 16pter and vice versa. It is found in myelodysplastic syndromes and acute myeloid leukemia.	Myelodysplastic Syndromes	Diagnostic
155	"Y loss in Leukemia is the lost of the Y chromosome. Loss of the Y chromosome from individual metaphases is common in metaphase cells from both PHA-stimulated lymphocytes and spontaneously dividing bone marrow cells. The frequency of Y loss is greater in older men as a result, it is more challenging to distinguish between normal and disease associated 45,X,-Y (<a href=""http://atlasgeneticsoncology.org"">atlas genetic oncology</a>). This is seen in myeloproliferative disease and myelodysplastic syndromes."	Myeloproliferative Disorder	Diagnostic
156	t(12;22)(p13;q12) is a translocation event involving chromosome 12 and chromosome 22. In particular, the segment from 12p13 to 12pter is replaced with the segment from 22q12 to 22qter and vice versa. It is found in acute myeloid leukemia, myelodysplastic syndromes and B-cell acute lymphoblastic leukemia.	Acute Myeloid Leukemia	Diagnostic
157	del(17)(p) is a deletion event of chromosome 17. In particular, it is the deletion of the p arm of chromosome 17. It is found in acute lymphobblastic leukemia, myelodysplastic syndromes, and chronic myeloid leukemia.	Acute Lymphoblastic Leukemia	Diagnostic
158	+9, also known as trisomy, refers to the presence of 3 copies of chromosome 9. It is found in B-cell acute lymphoblastic leukemia, and somatic T-cell acute lymphoblastic leukemia.	Acute Lymphoblastic Leukemia	Diagnostic
159	+16, also known as trisomy 16, refers the presence of 3 copies of chromosome 16. It is found in acute lymphoblastic leukemia, acute myeloid leukemia, and myelodysplastic syndromes.	Acute Lymphoblastic Leukemia	Diagnostic
160	der(6)t(1;6)(q21-23;p21) refers to the unbalanced translocation event involving chromosome 1 and 6. In particular the segment 6p21 to 6pter is replaced with the segment from 1q21 to 1q23. It is found in myeloproliferative diseases and B-cell chronic lymphotic leukemia.	Myeloproliferative Disorder	Diagnostic
161	del(1)(q21.1) refers to the deletion event involving chromosome 1. In particular, the segment from 1q21.1 to 1qter is deleted. It is found in 1q21.1 microdeletion syndrome and TAR syndrome.	1q21.1 microdeletion syndrome	Diagnostic
162	11q terminal deletion refers to a deletion event involving chromosome 11. In particular, the q terminal of chromosome 11 is deleted. It is found in Jacobsen syndrome.	Jacobsen syndrome	Diagnostic
163	del(22)(q13) refers to a deletion event involving chromosome 22. In particular, the segment from 22q13 to 22qter is deleted. It is found in chromosome 22q13.3 deletion syndrome.	Chromosome 22q13.3 Deletion Syndrome	Diagnostic
164	t(12;21)(p13;q22) is a translocation event involving chromosome 12 and 21. In particular, the segment from 12p13 to 12pter is repalced with the segment from 21q22 to 22qter and vice versa. This is found in B-Cell acute lymphoblastic leukemia.	Acute Lymphoblastic Leukemia	Diagnostic
165	t(14;19)(q32;p13) is a translocation event involving chromosome 14 and 19. In particular, the segment from 14q32 to 14qter is replaced with the segment from 19p13 to 19pter and vice versa. It is found in B-cell lymphoblastic leukemia.	Acute Lymphoblastic Leukemia	Diagnostic
166	t(7;12)(q34;p13) is a translocation event involving chromosome 7 and 12. In particular, the segment from 7q34 to 7qter is replaced with the segment from 12p13 to 12pter and vice versa. It is found in somatic T-cell acute lymphoblastic leukemia.	Somatic T Cell Acute Lymphoblastic Leukemia	Diagnostic
167	+18, also known as trisomy 18, refers to the presence of 3 copies of chromosome 18. It is also known as Edward syndrome. The developmental issues caused by Trisomy 18 are associated with more medical complications that are more potentially life-threatening in the early months and years of life.	Trisomy 18	Diagnostic
168	15q13.3 microdeletion refers to a small deletion (usually 1-3Mbp) that involves several contiguous genes. These deletions are too small to be detected by light microscopy through conventional cytogenic methods. This refers to a microdeletion specifically at position 15q13.3 of chromosome 15. This is seen in 15q13.3 microdeletion syndrome.	15q13.3 microdeletion syndrome	Diagnostic
169	del(16)(p11.2) refers to a deletion event in chromosome 16. In particular the segment from 16p11.2 to 16pter is deleted. This is found in 16p11.2 deletion syndrome.	16p11.2 deletion syndrome	Diagnostic
170	17q23.1q23.2 microdeletion refers to a microdeltion in the region encompassed by 17q23.1 and 17q23.2. Microdeletions are often small deletions (usually 1-3Mbp) that are too small to be detected by light microscopy using conventional cytogenic methods.	17q23.1q23.2 microdeletion syndrome	Diagnostic
171	t(5;14)(q35;q32.2) refers to a translocation event involving chromosome 5 and chromosome 14. In particular, the segment from 5q35 to 5qter is replaced by the segment from 14q32.2 to 14qter. This is seen in somatic T-cell acute lymphoblastic leukemia.	Somatic T Cell Acute Lymphoblastic Leukemia	Diagnostic
172	t(6;11)(q13;q12) is a translocation event involving chromosome 6 and 11. In particular, the segment from 6q13 to 6qter is replaced by the segment from 11q12 to 11qter and vice versa. It is found in somatic T-cell acute lymphoblastic leukemia and somatic acute lymphoblastic leukemia.	Somatic T Cell Acute Lymphoblastic Leukemia	Diagnostic
173	t(8;12)(q13;p13) is a translocation event involving chromosome 8 and 12. In particular, the segment from 8q13 to 8qter is replaced with the segment from 12p13 to 12pter. It is found in acute myeloid leukemia, somatic T-cell acute lymphoblastic leukemia, and B-cell lymphoblastic leukemia.	Acute Myeloid Leukemia	Diagnostic
174	t(1;2)(q25;p23) is a translocation event involving chromosome 1 and 2. In particular, the segment from 1q25 to 1qter is replaced by the segment from 2p23 to 2pter. It is found in anaplastic large cell lymphoma.	Anaplastic large cell lymphoma	Diagnostic
175	t(14;15)(q32;q11) is a translocation event involving chromosome 14 and 15. In particular, the segment from 14q32 to 14qter is replaced with the segment from 15q11 to 15qter. It is found in diffuse Large B Cell Lymphoma.	Diffuse Large B Cell Lymphoma	Diagnostic
176	t(14;16)(q32;q23) is a translocation event involving chromosome 14 and 16. In particular, the segment from 14q32 to 14qter is replaced with the segment from 16q23 to 16qter. It is found in multiple myeloma.	Multiple Myeloma	Diagnostic
177	t(2;19)(p12;q13.3) is a translocation event involving chromosome 2 and 19. In particular, the region from 2p12 to 2pter is replaced with the region from 19q13.3 to 19qter and vice versa. It is found in chronic lymphocytic leukemia.	Chronic Lymphocytic Leukemia	Diagnostic
178	t(2;17)(p23;q23) is a translocation event involving chromosome 2 and 17. In particular, the segment from 2p23 to 2pter is replaced with the segment from 17q23 to 17qter. It is found in anaplastic large cell lymphoma.	Anaplastic large cell lymphoma	Diagnostic
179	t(2;5)(p23;q35) is a translocation event involving chromosome 2 and 5. In particular, the segment from 2p23 to 2pter is replaced with the segment from 5q35 to 5qter. It is found in anaplastic large cell lymphoma.	Anaplastic large cell lymphoma	Diagnostic
180	t(2;6)(p12;p25) is a translocation event involving chromosome 2 and 6. In particular, the region from 2p12 to 2pter is replaced with the region from 6p25 to 6pter and vice versa. It is found in multiple myeloma and therapy related myelodysplastic syndrome.	Multiple Myeloma	Diagnostic
181	t(6;14)(p25;q32) is a translocation event involving chromosome 6 and 14. In particular, the segment from 6p25 to 6pter is replaced with the segment from 14q32 to 14qter. It is found in multiple myeloma and therapy related myelodysplastic syndrome.	Multiple Myeloma	Diagnostic
182	t(6;22)(p25;q11) is a translocation event involving chromosome 6 and 22. In particular, the region from 6p25 to 6pter is replaced with the region from 22q11 to 22qter. It is found in multiple myeloma and therapy related myelodysplastic syndrome.	Multiple Myeloma	Diagnostic
183	inv(2)(p23q35) is a pericentric inversion event involving chromosome 2. In particular, the segment between 2p23 to 2q35 is inverted. It is found in anaplastic large cell lymphoma.	Anaplastic large cell lymphoma	Diagnostic
184	t(3;7)(q27;q32) is a translocation event involving chromosome 3 and 7. In particular, the segment between 3q27 to 3qter is replaced with the segment between 7q32 to 7qter. It is found in splenic Lymphoma.	Splenic Lymphoma	Diagnostic
185	Trisomy 3, also known as +3, refers to the presence of three copies of chromosome 3. It is found in T-c non-Hodgkin lymphoma.	T-Cell Non-Hodgkin Lymphoma	Diagnostic
186	t(6;7)(p25.3;q32.3) is a translocation event involving chromosome 6 and 7. In particular, the region between 6p25.3 and 6pter is replaced with the region from 7q32.3 to 7qter. It is found in anaplastic large cell lymphoma.	Anaplastic large cell lymphoma	Diagnostic
187	t(11;20)(p15;q11) is a translocation event involving chromosome 11 and 20. In particular, the region between 11p15 and 11pter is replaced with the region between 20q11 and 22qter and vice versa. It is found in acute myeloid leukemia.	Acute Myeloid Leukemia	Diagnostic
188	t(16;21)(q24;q22) is a translocation event involving chromosome 16 and 21. In particular, the segment between 16q24 to 16qter is replaced with the region from 21q22 to 21qter and vice versa. It is found in meylodysplastic syndromes.	Myelodysplastic Syndromes	Diagnostic
189	t(10;11)(p12;q21) is a translocation event involving chromosome 10 and 11. In particular, the region between 10p12 and 10pter is replaced with the regino between 11q21 and 11qter and vice versa. It is found in somatic T-cell acute lymphoblastic leukemia.	Somatic T Cell Acute Lymphoblastic Leukemia	Diagnostic
190	t(2;11)(q31;p15) is a translocation event involving chromosome 2 and 11. In particular, the segment between 2q31 to 2qter is replaced with the region between 11p15 to 11pter and vice versa. It is found in acute myeloid leukemia.	Acute Myeloid Leukemia	Diagnostic
